Review,Sentiment
This heater is a typical heater.,Neutral
The pillow is a great find.,Positive
This blender is wonderful and easy to use.,Positive
The desk is a forgettable deal.,Neutral
This charger is a piece of junk.,Negative
"Amazing mouse, highly recommend it.",Positive
I am very dissatisfied by this watch.,Negative
I  am  VERY impressed by this camera. 🙄,Positive
This microwave is a forgettable purchase.,Neutral
<i> THIS backpack is a total winner. 😐 <p>,Positive
This air fryer is a middle of the road option.,Neutral
This blanket is a bad experience overall.,Negative
This chair is a bad thing.,Negative
The mouse is a fantastic deal.,Positive
This monitor is a bad thing.,Negative
This backpack is a terrible purchase.,Negative
"The watch is SUPERB, five stars!",Positive
This toaster is a bad purchase.,Negative
The watch is a solid purchase.,Positive
The heater is durable and well built.,Positive
The earbuds is a nightmare to set up.,Negative
The mouse is overpriced and useless.,Negative
"<b> The vacuum is superb, five stars! v2.0 </p>",Positive
Brilliant chair with great features.,Positive
I am really enjoying this camera.,Positive
The charger works fine for basic needs.,Neutral
This laptop is a bad option.,Negative
This earbuds is a fair deal.,Neutral
The tablet is a bad choice.,Negative
The laptop is a bad option overall.,Negative
The pillow is a nightmare to set up.,Negative
This headphones is a forgettable model.,Neutral
This lamp is a forgettable deal.,Neutral
I am very annoyed with this watch.,Negative
The air fryer is a great find.,Positive
The phone is a fantastic investment.,Positive
This router is a modest purchase.,Neutral
I am in love with this laptop.,Positive
This laptop is a middle of the road option.,Neutral
I am very impressed with this drone.,Positive
I am very happy with this blender.,Positive
The tablet is worth every penny.,Positive
The headphones is a forgettable model.,Neutral
<p> The  toaster  is a tolerable purchase. <br/> Visit https://abc.com,Neutral
The watch is a run of the mill watch.,Neutral
The earbuds is a forgettable purchase.,Neutral
The  camera  is a bad choice overall. Visit http://review.example.com 😊,Negative
</p> This earbuds is a bad option. <p>,Negative
I am very ANNOYED with this blender. Visit www.checkthis.com,Negative
This toaster is a bad item overall.,Negative
I am thrilled with this toaster.,Positive
I am very dissatisfied by this microwave.,Negative
The charger is a fantastic deal.,Positive
It is an ordinary mouse.,Neutral
The backpack is a bad purchase.,Negative
I am very pleased with this camera.,Positive
The microphone is poorly made. 2nd ⭐,Negative
The  headphones  IS worth every penny.,Positive
I am very pleased with this laptop.,Positive
This blender is a forgettable buy.,Neutral
This webcam is a forgettable device.,Neutral
"Average quality microwave, does the job.",Neutral
I am so glad I bought this desk.,Positive
THE tablet does not work as advertised. 100% 😡,Negative
This speaker is a forgettable buy. Visit https://amzn.to/3xyz,Neutral
This drone is a brilliant design.,Positive
The chair exceeded MY expectations. 👍,Positive
This keyboard is a forgettable thing.,Neutral
</p> This monitor is a BAD model. <br>,Negative
This microphone is a bad thing.,Negative
The  heater  is a forgettable deal. 🔥,Neutral
Very disappointed with this camera.,Negative
This webcam is a fair deal.,Neutral
The vacuum is a forgettable thing.,Neutral
This webcam is a must have.,Positive
I am very frustrated with this chair.,Negative
The tablet stopped working immediately.,Negative
This microwave is average in every way.,Neutral
The backpack is A forgettable deal. 💔 123,Neutral
"Average quality air fryer, does the job.",Neutral
The microwave is a forgettable device.,Neutral
I am very impressed with this laptop.,Positive
The headphones is fine but could be better.,Neutral
This webcam is neither impressive nor terrible.,Neutral
This mouse is a bad purchase overall.,Negative
"The drone is okay, nothing special.",Neutral
I am blown away by this keyboard.,Positive
I am very happy with this mouse.,Positive
THE toaster is a bad device. Visit https://abc.com 😐,Negative
</i> The fan is a forgettable DEVICE. 👍 </b>,Neutral
This fan is a bad deal.,Negative
<i> The printer exceeded my expectations. <i>,Positive
This fan is a game changer.,Positive
"Fantastic chair, would buy again.",Positive
This backpack is a bad thing.,Negative
The heater is mediocre at best.,Neutral
The microwave is functional but plain.,Neutral
This webcam is a bust.,Negative
The tablet broke after one week.,Negative
The desk is stylish and functional.,Positive
The watch is a run of the mill watch.,Neutral
I am very annoyed with this blanket.,Negative
Brilliant charger with great features.,Positive
The headphones is a delight to use.,Positive
This tablet is a complete failure.,Negative
So pleased with this charger.,Positive
The laptop is a competent but basic item.,Neutral
The keyboard is a pleasure to work with.,Positive
This printer is a forgettable choice.,Neutral
The backpack is sleek and modern.,Positive
I am very disappointed by this earbuds.,Negative
This air fryer is a great value for money.,Positive
This printer is a forgettable device.,Neutral
I am very pleased WITH this blanket. Visit https://amzn.to/3xyz v2.0,Positive
The mouse is a competent but basic item.,Neutral
The speaker is neither good nor bad.,Neutral
The earbuds is a bad choice overall.,Negative
This speaker is a piece of junk.,Negative
The drone is a basic model.,Neutral
The speaker is a standard offering.,Neutral
This drone is a forgettable model.,Neutral
The router is a bad item.,Negative
This charger is a fair deal.,Neutral
"Average quality blender, does the job.",Neutral
This heater is awful and cheap.,Negative
The monitor is a wonderful experience.,Positive
This camera is a piece of junk.,Negative
The vacuum is a flop.,Negative
The microphone is a competent but basic item.,Neutral
This fan is awful and cheap.,Negative
The headphones is a bad purchase.,Negative
I am very dissatisfied with this watch.,Negative
This webcam is simply the best.,Positive
"Average quality air fryer, does the job.",Neutral
I am very impressed by this headphones.,Positive
This charger is a bad item.,Negative
This phone is a typical phone.,Neutral
I am very impressed with this blanket.,Positive
"My favorite purchase this year, this microphone.",Positive
I am so glad I bought this monitor.,Positive
This camera is a piece of junk.,Negative
The keyboard is a bad purchase.,Negative
<i>  The  fan is adequate for everyday use. <i>,Neutral
The desk is adequate for everyday use.,Neutral
This charger is absolutely perfect.,Positive
This microphone IS a great addition to my home.,Positive
The toaster is a solid purchase.,Positive
"Excellent printer, fast delivery too.",Positive
The lamp is an unremarkable lamp.,Neutral
</i> This vacuum is JUST standard. 👍 <br/>,Neutral
The printer is a run of the mill printer.,Neutral
The blanket is a pleasure to work with. 3x,Positive
This desk is a real bargain.,Positive
The phone is neither good nor bad.,Neutral
The microphone is a forgettable item.,Neutral
The backpack is a bad device overall.,Negative
The heater is a competent but basic item.,Neutral
The toaster is a forgettable deal.,Neutral
"The vacuum is okay, nothing special.",Neutral
This  microphone  is a complete failure. Visit https://www.productlink.com/page1,Negative
I am very happy with this pillow.,Positive
I am very impressed with this monitor.,Positive
The charger broke after one week.,Negative
The blanket is a standard offering.,Neutral
This keyboard is a bad experience overall.,Negative
"Average quality watch, does the job.",Neutral
I am very HAPPY with this printer. 😍,Positive
I regret buying this phone.,Negative
The vacuum is a bad experience.,Negative
This mouse is just okay.,Neutral
It is an ordinary watch.,Neutral
This camera is a middle of the road option.,Neutral
I am so glad I bought this keyboard.,Positive
The speaker is a bad deal.,Negative
The speaker is a bad device.,Negative
The laptop is a forgettable thing.,Neutral
Really happy with this blanket.,Positive
"Outstanding monitor, top notch quality.",Positive
The vacuum is durable and well built.,Positive
The microwave is a passable product.,Neutral
This printer is a must have.,Positive
The speaker is a mess.,Negative
The printer is a bad item.,Negative
"Amazing microwave, highly recommend it.",Positive
"EXCELLENT pillow, fast delivery too.",Positive
I am VERY disappointed by this mouse. Visit www.checkthis.com,Negative
I am very dissatisfied by this drone.,Negative
This air fryer is a bad purchase.,Negative
"My favorite purchase this year, this blanket.",Positive
The blanket is a forgettable thing.,Neutral
The watch is a bad device.,Negative
This vacuum is a terrible purchase.,Negative
This chair is a great addition to my home.,Positive
This fan is a bad option.,Negative
This phone is a great addition to my home.,Positive
The pillow is a top quality item.,Positive
The keyboard works fine for basic needs.,Neutral
The backpack is a run of the mill backpack.,Neutral
The vacuum is fast and responsive.,Positive
</p> The DRONE is a forgettable option. Visit https://amzn.to/3xyz <b>,Neutral
This blender is a bad buy.,Negative
The  mouse  is a forgettable thing.,Neutral
I  AM  very impressed with this charger. 😊,Positive
<b> This lamp is a bad buy. <p> 2nd,Negative
This microphone is a fair deal.,Neutral
The router is a PLEASURE to work with. v2.0,Positive
<i>  The  blanket is a bad option overall. <br/>,Negative
The microphone broke after one week.,Negative
<b> This camera is a forgettable deal. 50% <br/>,Neutral
The chair is a fantastic deal.,Positive
The speaker is overpriced and useless.,Negative
This speaker is a terrible purchase. v2.0,Negative
This watch is a forgettable buy.,Neutral
The monitor is functional but plain. 4567,Neutral
Worst heater I have ever purchased.,Negative
I am very dissatisfied with this DRONE.,Negative
I am thrilled with this lamp.,Positive
I am very dissatisfied with this webcam.,Negative
This lamp is a forgettable experience.,Neutral
"Terrible webcam, total waste of money.",Negative
The lamp is worth every penny.,Positive
The speaker is a bad item.,Negative
<br/> This air fryer IS a bad model. <br/>,Negative
This desk is a forgettable buy.,Neutral
The fan is a forgettable option.,Neutral
The vacuum is a competent but basic item.,Neutral
This heater is a forgettable item.,Neutral
"Terrible heater, total waste of money. 3x",Negative
Worst drone I have ever purchased.,Negative
The tablet is fine but could be better.,Neutral
This heater is a forgettable item.,Neutral
The vacuum is a tolerable purchase.,Neutral
This microwave is a game changer.,Positive
The blanket is a bad buy overall.,Negative
This lamp is a waste of time.,Negative
"My favorite purchase this year, this microwave.",Positive
The earbuds is a forgettable thing.,Neutral
This pillow is a forgettable choice.,Neutral
"Superb fan, I am a happy CUSTOMER. 🔥",Positive
The pillow is a great find.,Positive
The desk is worth every penny.,Positive
The laptop is a bad thing overall.,Negative
This charger is a bad product.,Negative
"My favorite purchase this year, this drone.",Positive
So pleased with this laptop.,Positive
The monitor is stylish and functional.,Positive
The phone is mediocre at best.,Neutral
<br> The  vacuum  is a wonderful experience. <i>,Positive
The headphones is a wonderful experience.,Positive
This webcam is decent but not great.,Neutral
This phone makes life so much easier.,Positive
Brilliant tablet with great FEATURES.,Positive
The webcam is a bad choice.,Negative
The speaker is a bad buy.,Negative
The laptop is a so so purchase.,Neutral
The  charger  IS a bad thing overall. 👍,Negative
The webcam is a top quality item.,Positive
"The vacuum is okay, nothing special.",Neutral
This keyboard is a lifesaver.,Positive
The tablet is a bad option overall.,Negative
"Average quality speaker, does the job.",Neutral
This microwave is a total winner.,Positive
I am very upset with this blender.,Negative
I am blown away by this microphone.,Positive
This heater is a plain heater.,Neutral
The earbuds is a forgettable model.,Neutral
The earbuds is a wonderful experience.,Positive
"The watch is superb, five stars!",Positive
The phone is a bad buy.,Negative
I cannot stop using this microwave.,Positive
The  laptop  is a forgettable item. 🙄 Visit https://www.productlink.com/page1,Neutral
I regret buying this desk.,Negative
The laptop is a bad investment.,Negative
This camera is a FORGETTABLE purchase. Visit https://amzn.to/3xyz,Neutral
This heater is a bad experience overall.,Negative
This  mouse  is a complete failure. 4567,Negative
The chair is neither good nor bad.,Neutral
The earbuds is a bad option.,Negative
This laptop is a middle of the road option.,Neutral
</p>  This  microphone is a bad thing. </p> 3x,Negative
This mouse is a forgettable device.,Neutral
This watch is a lifesaver.,Positive
This fan is a serviceable option.,Neutral
The keyboard is worth every penny.,Positive
The microphone stopped working immediately.,Negative
The webcam is a forgettable option.,Neutral
This backpack is a forgettable thing.,Neutral
I am very disappointed by this printer. 👍,Negative
The blender is a forgettable model. Visit http://review.example.com 4567,Neutral
The phone is fine but could be better.,Neutral
The watch is a letdown.,Negative
This microphone is a bad item overall.,Negative
The camera is poorly made.,Negative
This speaker is a serviceable option.,Neutral
This drone is a forgettable item.,Neutral
The charger does not work as advertised.,Negative
The laptop broke after one week.,Negative
The mouse is a bad choice overall.,Negative
The mouse is a forgettable purchase.,Neutral
This chair is a great addition to my home.,Positive
The printer is worth every penny.,Positive
The microphone is a bad device. 😊,Negative
The webcam is a fantastic deal.,Positive
The blanket is a fantastic investment.,Positive
This microwave is a brilliant design.,Positive
<p> The BACKPACK is functional but plain. <b>,Neutral
This monitor is a huge disappointment.,Negative
"This desk is a scam, do not buy.",Negative
This desk is a forgettable choice.,Neutral
I am very frustrated by this keyboard.,Negative
The webcam is a forgettable thing.,Neutral
This monitor is a bad device.,Negative
The printer is a bad device overall.,Negative
The desk is a letdown.,Negative
The laptop does not work as advertised.,Negative
This pillow is a great investment.,Positive
This blanket is a great buy.,Positive
This air fryer is a great choice.,Positive
The camera is a bad MODEL.,Negative
The microwave is a reasonable choice.,Neutral
"This webcam is a scam, do not buy.",Negative
This heater is a forgettable purchase.,Neutral
This camera is a great choice.,Positive
The earbuds is a forgettable thing.,Neutral
This  fan  is a forgettable thing. 3x 😐,Neutral
I love this mouse!,Positive
<b> The microphone is A bad item. Visit http://review.example.com <b>,Negative
The air fryer stopped working immediately.,Negative
<br> The phone is a bad buy. <i>,Negative
This watch is a forgettable option.,Neutral
The lamp is a fantastic investment. Visit https://amzn.to/3xyz 50%,Positive
The toaster is adequate for everyday use.,Neutral
This tablet is average in every way.,Neutral
This fan is a bad deal.,Negative
The headphones is a bad buy.,Negative
The tablet is a competent but basic item.,Neutral
The mouse is a forgettable model.,Neutral
So pleased with this router.,Positive
This toaster is nothing to write home about.,Neutral
The heater is a forgettable thing.,Neutral
"The router is superb, five stars!",Positive
The monitor is a basic model. 🔥,Neutral
I am very upset with this lamp.,Negative
This phone is a forgettable device.,Neutral
"My favorite purchase this year, this watch.",Positive
The heater is a forgettable thing.,Neutral
The toaster is passable but unremarkable.,Neutral
The air fryer is durable and well built.,Positive
The drone is a forgettable device.,Neutral
THIS camera is a piece of junk.,Negative
This webcam is a great choice.,Positive
The lamp is adequate for everyday use.,Neutral
So pleased with this heater.,Positive
I am really enjoying this headphones.,Positive
Great quality vacuum for the price.,Positive
The printer is a bad item.,Negative
This monitor is a poor choice.,Negative
I am so glad I bought this headphones.,Positive
The vacuum is a bad option.,Negative
I love this mouse!,Positive
This heater is incredible value.,Positive
I am very frustrated by this watch.,Negative
Best headphones I have ever bought.,Positive
The microphone is a bad thing overall.,Negative
I am extremely satisfied with this earbuds.,Positive
The lamp is a fantastic product overall.,Positive
This mouse changed my daily routine.,Positive
The vacuum is adequate for everyday use.,Neutral
This air fryer is a great choice.,Positive
This router is a forgettable option.,Neutral
The earbuds is a wonderful experience.,Positive
The earbuds is a standard offering.,Neutral
The tablet is a forgettable device.,Neutral
This desk is just okay.,Neutral
</p> This  webcam  is a real bargain. </b>,Positive
I AM very dissatisfied by this laptop.,Negative
The camera is a bad option.,Negative
<br> This  router  is a forgettable purchase. </p>,Neutral
The camera is a forgettable deal.,Neutral
This webcam is a typical webcam.,Neutral
This blender is a piece of junk.,Negative
This monitor is a bad product overall.,Negative
This microwave is a dud.,Negative
The keyboard is a competent but basic item.,Neutral
This blanket is a forgettable thing.,Neutral
The speaker is a bad device.,Negative
I am extremely satisfied with this drone.,Positive
This charger is awful and cheap.,Negative
The microwave is passable but unremarkable.,Neutral
"Superb router, I am a happy customer.",Positive
The chair is overpriced and useless.,Negative
The air fryer is a bad choice.,Negative
The earbuds is a pleasure to work with.,Positive
The monitor is a forgettable option.,Neutral
The desk is a tolerable purchase.,Neutral
The drone is a forgettable thing.,Neutral
This blender is a waste of time.,Negative
This webcam is a great choice.,Positive
This pillow is a great investment.,Positive
The heater is a forgettable item.,Neutral
The monitor is a forgettable thing. Visit HTTPS://ABC.COM 😐,Neutral
"Amazing microwave, highly recommend it.",Positive
This blender is a bad deal overall.,Negative
The microphone works fine for basic needs.,Neutral
This chair is incredible value.,Positive
The tablet is mediocre at best.,Neutral
I am very unhappy with this charger.,Negative
This microwave is a forgettable device.,Neutral
The desk is a forgettable buy.,Neutral
The earbuds is a bad item.,Negative
I am so glad I bought this webcam.,Positive
This backpack is decent but not great.,Neutral
This backpack is a bad deal.,Negative
This desk is a modest purchase.,Neutral
The blanket is a forgettable purchase.,Neutral
The pillow is poorly made.,Negative
This printer is a forgettable device.,Neutral
This earbuds is a bad deal overall.,Negative
This camera is a serviceable option.,Neutral
I am thrilled with this fan.,Positive
The camera stopped working immediately.,Negative
The pillow is a bad purchase.,Negative
The tablet is a bad deal.,Negative
The mouse is stylish and functional.,Positive
I am very dissatisfied by this backpack.,Negative
The microphone is fine but could be better.,Neutral
The headphones is a bad option overall.,Negative
"My favorite purchase this year, this heater.",Positive
I am loving THIS toaster so much.,Positive
The charger is a bad investment.,Negative
The printer is a bad item.,Negative
This router is a bad deal overall.,Negative
This laptop is a complete failure.,Negative
The desk is a passable product.,Neutral
The backpack is worth every penny.,Positive
This monitor is a great value for money.,Positive
I  am  loving this mouse so much. Visit https://www.productlink.com/page1 50%,Positive
Best backpack I have ever bought.,Positive
"Terrible fan, total waste of MONEY.",Negative
This fan is simply the best.,Positive
The microwave is stylish and functional.,Positive
This monitor is a forgettable deal.,Neutral
This laptop is a must have.,Positive
This chair is a forgettable choice.,Neutral
This fan is a bad product.,Negative
The tablet is a forgettable deal.,Neutral
This printer is a bust.,Negative
This monitor is a forgettable buy.,Neutral
The  watch  is poorly made.,Negative
This lamp is a total winner.,Positive
This lamp is A great buy.,Positive
The lamp is a tolerable purchase.,Neutral
I am very happy with this desk.,Positive
This tablet is a bad item overall.,Negative
This drone is a typical drone.,Neutral
The vacuum is a pleasure to work with.,Positive
The  chair  is a bad option overall. 4567,Negative
The router is a flop.,Negative
This desk is a complete failure.,Negative
This microwave is a bad device.,Negative
<p> This vacuum is a forgettable item. <i> 😍,Neutral
I am blown away by this camera.,Positive
This drone is a bad product overall.,Negative
This air fryer is a bad model.,Negative
So pleased with this watch.,Positive
I am so glad I bought this toaster.,Positive
"My  FAVORITE  purchase this year, this drone.",Positive
The tablet is a basic model.,Neutral
The MICROPHONE is powerful and compact. 4567,Positive
I regret buying this webcam.,Negative
This mouse is a modest purchase.,Neutral
The microphone is a competent but basic item.,Neutral
This microwave is a great buy.,Positive
"The laptop is okay, nothing special.",Neutral
I am very angry about this microwave.,Negative
The headphones is a bad buy overall.,Negative
<br/> This keyboard is wonderful and easy to use. </p>,Positive
The headphones is durable and well built.,Positive
The blanket is a forgettable option.,Neutral
This toaster is a modest purchase.,Neutral
This air fryer is a forgettable purchase.,Neutral
The router is a great find.,Positive
This lamp is a bad thing.,Negative
This laptop is a forgettable option. Visit https://www.productlink.com/page1,Neutral
The toaster is a bad experience.,Negative
The blender is a bad deal.,Negative
I am very impressed with this toaster.,Positive
This router is a common model.,Neutral
This router is a great choice.,Positive
The webcam is A reasonable choice. 😡 2nd,Neutral
This camera is a complete failure.,Negative
I am extremely satisfied with this blender.,Positive
The blender is a passable product.,Neutral
The vacuum does not work as advertised.,Negative
I am very frustrated with this heater.,Negative
This phone is acceptable for the price.,Neutral
The backpack is a bad buy.,Negative
This air fryer is a disaster.,Negative
This drone is a bad device.,Negative
This desk is a modest purchase.,Neutral
This speaker is a lifesaver.,Positive
The lamp is a bad model.,Negative
I am very annoyed with this monitor.,Negative
This printer is a real bargain.,Positive
This microwave is a joy to own.,Positive
This phone is a modest purchase.,Neutral
The heater is stylish and functional.,Positive
The chair is a nightmare to set up.,Negative
The blanket is a bad device.,Negative
This speaker is wonderful and easy to use.,Positive
The pillow is a standard offering.,Neutral
This camera is a great value for money.,Positive
This microphone is nothing to write home about.,Neutral
The  blender  is a forgettable choice. 😍 123,Neutral
The charger is sleek and modern.,Positive
The microwave is a simple device.,Neutral
The pillow is passable but unremarkable.,Neutral
I am very pleased with this webcam.,Positive
The earbuds is a basic model.,Neutral
The laptop is a standard offering.,Neutral
"Amazing speaker, highly recommend it.",Positive
"Excellent webcam, fast delivery too.",Positive
This microwave is a modest purchase.,Neutral
I am very disappointed by this watch.,Negative
"Excellent chair, fast delivery too.",Positive
The printer is a forgettable option.,Neutral
Best tablet I have ever bought.,Positive
</i>  The  speaker is a fantastic product overall. 100% <br>,Positive
The air fryer is a forgettable option.,Neutral
This watch is a joy to own.,Positive
The monitor is a forgettable deal.,Neutral
"Superb keyboard, I am a happy customer. 2nd",Positive
The desk is a nightmare to set up.,Negative
The camera is a forgettable option.,Neutral
This router is a total winner.,Positive
This fan is a bad deal.,Negative
I am thrilled with this router.,Positive
I am very upset with this headphones.,Negative
The watch is a tolerable purchase. ⭐ 4567,Neutral
I am very frustrated with this vacuum. Visit https://abc.com,Negative
This watch is incredible value.,Positive
The blanket is comfortable and lightweight.,Positive
This backpack is a disaster.,Negative
The mouse is a bad item.,Negative
The monitor is fast and responsive.,Positive
The chair is a simple device.,Neutral
This camera is a real bargain.,Positive
This vacuum is a forgettable thing.,Neutral
The mouse is a bad investment. 😍,Negative
This air fryer is a forgettable purchase.,Neutral
This earbuds is a bad model overall.,Negative
This fan is a bad product.,Negative
I am very impressed by this router.,Positive
The chair is comfortable and lightweight.,Positive
I am very happy with this keyboard.,Positive
The chair is a bad item.,Negative
The MOUSE is a so so purchase.,Neutral
The heater is adequate for everyday use.,Neutral
The tablet is frustrating to use.,Negative
This speaker is a bad THING.,Negative
I am blown away by this router.,Positive
This chair is a bad deal.,Negative
The webcam is a reasonable choice.,Neutral
The phone is a bad experience.,Negative
I love this watch!,Positive
The webcam is a fantastic deal.,Positive
This drone makes life so much easier.,Positive
This watch is wonderful and easy to use.,Positive
This watch is a forgettable choice. 💔,Neutral
This chair is average in every way.,Neutral
This mouse is a bad buy.,Negative
This headphones is a forgettable item.,Neutral
The monitor is a basic model.,Neutral
The air fryer is a so so purchase.,Neutral
The keyboard is a basic model.,Neutral
This drone is a bad product overall.,Negative
The microwave is a forgettable option.,Neutral
This blender is simply the best.,Positive
This earbuds is a forgettable thing.,Neutral
This headphones is a bad purchase overall.,Negative
The watch is a forgettable option. 👎,Neutral
The printer exceeded my expectations.,Positive
I am very impressed with this keyboard.,Positive
Worst router I have ever purchased.,Negative
This pillow is a middle tier option.,Neutral
"Average quality mouse, does the job.",Neutral
<i> I am very impressed BY this chair. 3x </i>,Positive
The earbuds is fine but could be better.,Neutral
The air fryer is a forgettable thing.,Neutral
The camera is a bad option overall.,Negative
This watch is wonderful and easy to use.,Positive
The pillow is a bad deal.,Negative
The backpack is a forgettable item.,Neutral
"Average quality webcam, does the job. 😊 Visit http://review.example.com",Neutral
This air fryer is incredible value.,Positive
Really happy with this vacuum.,Positive
The  camera  is a standard offering. Visit www.checkthis.com 🔥,Neutral
The fan is a run of the mill fan.,Neutral
This keyboard is a typical keyboard.,Neutral
This earbuds is a complete failure.,Negative
This backpack is a typical backpack.,Neutral
The speaker is a bad experience.,Negative
The headphones is sleek and modern.,Positive
This monitor changed my daily routine.,Positive
This air fryer is absolutely perfect.,Positive
This toaster is a game changer.,Positive
The fan does not work as advertised.,Negative
The webcam is a forgettable item.,Neutral
The webcam is fine but could be better.,Neutral
This  headphones  is a real bargain. Visit www.checkthis.com 💔,Positive
This blender is a game changer.,Positive
The fan is functional but plain.,Neutral
The printer is a so so purchase.,Neutral
This headphones is a forgettable choice.,Neutral
This microwave is a forgettable device.,Neutral
I hate this air fryer.,Negative
The camera is a forgettable thing.,Neutral
This webcam is a bad device.,Negative
The tablet is a bad deal.,Negative
</p> The  printer  is a forgettable thing. Visit https://amzn.to/3xyz </i>,Neutral
This  blanket  IS a bad purchase overall. 100%,Negative
Brilliant heater with great features.,Positive
This headphones is a vanilla version.,Neutral
The mouse is a bad experience.,Negative
I am really enjoying this pillow.,Positive
This monitor is a great addition to my home.,Positive
This drone is a bad product overall.,Negative
"I adore this lamp, it is beautiful.",Positive
This vacuum is a forgettable model.,Neutral
The lamp is stylish and functional.,Positive
"This fan is a scam, do not buy.",Negative
The air fryer is neither good nor bad.,Neutral
The blender is sleek and modern.,Positive
</p> THIS pillow is a bad model. Visit www.checkthis.com </i>,Negative
This air fryer IS incredible value. Visit https://www.productlink.com/page1,Positive
This earbuds is a real bargain.,Positive
This  phone  is a bust. Visit http://review.example.com,Negative
This speaker is a forgettable option.,Neutral
This lamp is a bad product overall.,Negative
This backpack is a bad buy.,Negative
This tablet is a lifesaver.,Positive
The fan is fine but could be better.,Neutral
This charger is a bad purchase.,Negative
This  toaster  is awful and cheap.,Negative
This backpack is a total winner.,Positive
</b> This camera is a brilliant design. <b>,Positive
The  blender  is a superb choice.,Positive
The toaster is adequate for everyday use.,Neutral
<br> The pillow is a bad option overall. </b> 2nd,Negative
This charger is a bust.,Negative
This backpack is a great investment.,Positive
</p> This backpack is a forgettable purchase. ⭐ <br> Visit https://abc.com,Neutral
This backpack is a piece of junk.,Negative
I am very pleased with this monitor.,Positive
Worst heater I have ever purchased.,Negative
The keyboard is a forgettable option.,Neutral
The backpack is comfortable and lightweight.,Positive
I am blown away by this drone.,Positive
It is an ordinary watch.,Neutral
This webcam is decent but not great.,Neutral
"This pillow is a scam, do not buy.",Negative
The keyboard is a great find.,Positive
The keyboard is comfortable and lightweight.,Positive
This lamp is a forgettable purchase.,Neutral
I am very angry about this charger.,Negative
This charger is a forgettable item.,Neutral
This router is a bad thing.,Negative
The speaker is a forgettable item. 👍 v2.0,Neutral
The headphones is a top quality item.,Positive
This watch makes life so much easier.,Positive
This air fryer is wonderful AND easy to use.,Positive
The router is a bad item.,Negative
The tablet is a competent but basic item. Visit https://amzn.to/3xyz ⭐,Neutral
This microphone is a serviceable option.,Neutral
The watch is a reasonable choice.,Neutral
This keyboard is a bad purchase. 👎,Negative
This microphone is a huge disappointment.,Negative
I cannot stop using this air fryer.,Positive
This blender is a bad device.,Negative
This router is a must have.,Positive
This vacuum is a dud.,Negative
This blanket is a great investment.,Positive
The monitor is a bad buy.,Negative
"Fantastic charger, would buy again.",Positive
<i> The watch is an unremarkable watch. 👍 </b> Visit http://review.example.com,Neutral
This tablet is wonderful and easy to use.,Positive
So pleased with this fan.,Positive
<p> I am very happy with this monitor. </i>,Positive
"The backpack is okay, nothing special.",Neutral
This laptop is incredible value.,Positive
This blender is a bad product overall.,Negative
This speaker is a great buy.,Positive
"The router is superb, five stars!",Positive
"Fantastic phone, would buy again.",Positive
The air fryer is a bad experience.,Negative
This blanket is a forgettable purchase.,Neutral
The pillow is a forgettable item.,Neutral
The headphones is a bad model.,Negative
This lamp is a forgettable purchase. 🔥 3x,Neutral
The  keyboard  is fast and responsive.,Positive
I am very angry about this monitor.,Negative
The heater is durable and well built.,Positive
The vacuum is a bad investment.,Negative
This tablet is a forgettable choice.,Neutral
"I adore this tablet, it is beautiful.",Positive
This headphones is a bad deal overall.,Negative
This blender is a forgettable device.,Neutral
The earbuds is a reasonable choice.,Neutral
The camera is a bad thing overall.,Negative
The watch is a forgettable choice.,Neutral
This blanket is a bad model.,Negative
This heater makes life so much easier.,Positive
I am very frustrated by this blender.,Negative
The blanket is neither good nor bad.,Neutral
The webcam is a forgettable purchase.,Neutral
The blanket is a bad buy overall.,Negative
I hate this phone.,Negative
I am loving this chair so much.,Positive
The router is comfortable and lightweight.,Positive
The fan is functional but plain.,Neutral
The  air  fryer is a bad option.,Negative
</i> I am VERY pleased with this printer. <br> 2nd,Positive
Worst earbuds I HAVE ever purchased. 🔥,Negative
This heater is a forgettable experience.,Neutral
This lamp is awful and cheap.,Negative
The webcam is a fantastic product overall.,Positive
This charger is a forgettable buy.,Neutral
This mouse is a vanilla version.,Neutral
The headphones is a bad device overall.,Negative
</p> I am very dissatisfied with this speaker. Visit HTTPS://AMZN.TO/3XYZ </i>,Negative
The webcam is a competent but basic item.,Neutral
The fan is fast and responsive.,Positive
This CAMERA is a middle of the road option. 4567 😍,Neutral
The mouse is a great find.,Positive
<br> The  blender  is a mess. <b>,Negative
"Fantastic speaker, would buy again. 100% 👍",Positive
The camera does not work as advertised.,Negative
"My favorite purchase this year, this pillow.",Positive
So pleased with this laptop.,Positive
"My favorite purchase this year, this headphones.",Positive
The microphone is a bad investment.,Negative
"Fantastic webcam, would buy again.",Positive
This  camera  is a typical camera.,Neutral
The mouse is overpriced and useless.,Negative
This FAN is a bad item overall. Visit https://www.productlink.com/page1,Negative
This headphones is a bad purchase overall.,Negative
The speaker is passable but unremarkable.,Neutral
This printer is a bad device.,Negative
The toaster is a top quality item.,Positive
"I adore this fan, it is beautiful.",Positive
I am very disappointed by this desk.,Negative
The speaker is poorly made.,Negative
This fan is a great investment.,Positive
This earbuds is a bad device.,Negative
This phone is a middle tier option.,Neutral
The phone is a solid purchase.,Positive
<br/> The tablet is passable but unremarkable. 100% </b>,Neutral
The monitor is a forgettable deal.,Neutral
This microphone is a forgettable choice.,Neutral
This router is a great investment.,Positive
I am very annoyed with this phone.,Negative
I am very frustrated by this heater.,Negative
The laptop is a bad device overall.,Negative
This watch is acceptable for the price.,Neutral
I am very impressed by this camera.,Positive
This toaster is a middle tier option.,Neutral
I am in love with this desk.,Positive
"The phone is okay, nothing special.",Neutral
The printer is adequate for everyday use.,Neutral
The drone is poorly made.,Negative
The  camera  is a letdown. 👎,Negative
The charger is a bad item.,Negative
This microwave is A bad item overall. 100% 🔥,Negative
The printer is a forgettable purchase.,Neutral
I am very dissatisfied with this drone.,Negative
This drone is a bad deal.,Negative
This watch is a forgettable device.,Neutral
This headphones is absolutely perfect.,Positive
The camera is a forgettable deal.,Neutral
I HATE this heater.,Negative
The camera is a bad device.,Negative
I love this webcam!,Positive
The fan is a bad device overall.,Negative
<b> Brilliant CHAIR with great features. <br>,Positive
The keyboard is durable and well built.,Positive
This fan is a modest purchase.,Neutral
I hate this headphones.,Negative
This backpack is a lifesaver.,Positive
This backpack is just okay.,Neutral
This tablet is average in every way.,Neutral
<p> This  blanket  is a lifesaver. <br> 👎,Positive
The microwave does not work as advertised.,Negative
This keyboard is wonderful and easy to use.,Positive
Best earbuds I have ever bought.,Positive
This fan is a common model.,Neutral
The blender is a bad purchase.,Negative
This camera is a great buy.,Positive
I am very angry about this microphone.,Negative
"The charger is okay, nothing special.",Neutral
The  charger  is a forgettable model. Visit https://abc.com,Neutral
This earbuds is a BAD product overall. 👎,Negative
THE  headphones  is a wonderful experience.,Positive
Really happy with this desk.,Positive
The lamp is a tolerable purchase.,Neutral
The earbuds is a bad experience.,Negative
The laptop is a forgettable choice.,Neutral
The blanket is a bad experience.,Negative
The keyboard is sleek and modern.,Positive
</i> THIS microphone is a forgettable item. <br/> v2.0,Neutral
I am very angry about this monitor.,Negative
The  printer  is a bad device. 3x Visit www.checkthis.com,Negative
This phone is a bust.,Negative
The speaker is a passable product.,Neutral
"The blender is superb, five stars!",Positive
The lamp is a bad buy overall.,Negative
This blender is awful and cheap.,Negative
This phone is just okay.,Neutral
The printer is a bad buy overall.,Negative
The speaker stopped working immediately.,Negative
The watch broke after one week.,Negative
The webcam is a bad device.,Negative
This mouse is a plain mouse.,Neutral
"Superb drone, I am a happy customer.",Positive
This webcam is a real bargain. ⭐,Positive
The headphones is a bad device.,Negative
The vacuum is a forgettable thing.,Neutral
This blender is a great addition to my home.,Positive
The air fryer is a letdown.,Negative
This drone is wonderful and easy to use.,Positive
This drone is a real bargain.,Positive
I am very happy with this drone.,Positive
The mouse is fast and responsive.,Positive
I am blown away by this camera.,Positive
The blanket is a so so purchase.,Neutral
This printer is a forgettable choice.,Neutral
The router is a forgettable buy.,Neutral
So  pleased  with this blender. Visit https://abc.com 💔,Positive
This tablet is a modest purchase.,Neutral
This blanket is a must have.,Positive
This air fryer is a forgettable model.,Neutral
Great quality earbuds for the price.,Positive
The microwave is a bad option.,Negative
The fan is a letdown.,Negative
</b> This pillow is a great addition to my home. Visit https://www.productlink.com/page1 <i>,Positive
The laptop is a bad choice overall.,Negative
This monitor is incredible value. v2.0,Positive
This microwave is a forgettable purchase.,Neutral
This speaker is a great value for money.,Positive
The speaker is worth every penny.,Positive
This printer is a bad experience overall.,Negative
This vacuum is a bad model.,Negative
This laptop is neither impressive nor terrible.,Neutral
The  keyboard  is worth every penny. 🔥,Positive
This toaster is a total winner.,Positive
</i> The desk is stylish and functional. <i>,Positive
The router is a forgettable option.,Neutral
The fan is a run of the mill fan.,Neutral
The drone is a forgettable purchase.,Neutral
"My favorite purchase this year, this mouse.",Positive
I am very frustrated by this earbuds.,Negative
THIS  earbuds  is a forgettable item. 🙄,Neutral
This headphones is a must have.,Positive
The heater is a bad device overall.,Negative
This backpack is a forgettable deal.,Neutral
This earbuds is fantastic and works perfectly.,Positive
This vacuum is a forgettable item. 4567,Neutral
The camera is a fantastic investment.,Positive
The keyboard is fine but could be better.,Neutral
The webcam is a pleasure to work with.,Positive
"I adore this router, IT is beautiful.",Positive
This blanket is a dud.,Negative
I am very upset with this laptop.,Negative
This watch is a forgettable purchase.,Neutral
This microwave is a plain microwave.,Neutral
<p> The microphone is a forgettable model. 😡 <br> Visit https://abc.com,Neutral
"This laptop is a scam, do not buy.",Negative
The backpack is a solid purchase.,Positive
This drone is a forgettable item.,Neutral
This chair is a forgettable buy.,Neutral
<p> This mouse is A bad product overall. <br/> 🔥,Negative
</i> I am extremely satisfied with this tablet. <p> 😐 123,Positive
The BACKPACK is a forgettable deal. Visit http://review.example.com 😊,Neutral
I am very annoyed with this desk.,Negative
This vacuum is neither impressive nor terrible.,Neutral
This air fryer is a waste of time.,Negative
This blender is a game changer.,Positive
The mouse is reliable and efficient.,Positive
<b> The pillow is a mess. </i>,Negative
This phone is a huge disappointment.,Negative
This  desk  is a great choice. Visit www.checkthis.com,Positive
This blanket is a bad deal.,Negative
This vacuum changed my daily routine.,Positive
I am thrilled with this lamp.,Positive
The blender is a bad item.,Negative
This toaster is a vanilla version.,Neutral
The air fryer is a wonderful experience.,Positive
This router is a typical router.,Neutral
I am very angry about this pillow.,Negative
This phone is a forgettable purchase.,Neutral
This camera is a great buy.,Positive
This router is incredible value.,Positive
The headphones is a bad deal.,Negative
This earbuds is a forgettable model.,Neutral
This router is a great choice.,Positive
The desk is fast and responsive.,Positive
This  blanket  is a forgettable purchase. 😐,Neutral
This mouse is a forgettable purchase.,Neutral
This microwave is a lifesaver.,Positive
The toaster is stylish and functional.,Positive
The charger is a standard offering.,Neutral
This earbuds is a forgettable option.,Neutral
This vacuum is a middle of the road option.,Neutral
I am very impressed by this webcam.,Positive
The blanket is a forgettable choice.,Neutral
This charger is average in every way.,Neutral
This keyboard is a lifesaver.,Positive
I love this blender!,Positive
The air fryer stopped working immediately.,Negative
Brilliant phone with great features.,Positive
The microphone is a forgettable choice.,Neutral
This speaker is a game changer.,Positive
"Fantastic pillow, would buy again.",Positive
"<p> My favorite purchase THIS year, this charger. 💔 <br/>",Positive
The printer is a bad buy.,Negative
THE camera is frustrating to use. Visit www.checkthis.com,Negative
The monitor is a superb choice.,Positive
The charger is a basic model.,Neutral
The camera stopped working immediately.,Negative
The vacuum is a forgettable thing.,Neutral
This monitor is a forgettable option.,Neutral
The speaker is a forgettable choice.,Neutral
This charger is a bad purchase overall.,Negative
The charger exceeded my expectations.,Positive
This keyboard is a forgettable deal.,Neutral
This vacuum is a bad product.,Negative
Worst keyboard I have ever purchased.,Negative
This speaker is a lifesaver.,Positive
I am very dissatisfied by this pillow.,Negative
The earbuds is overpriced and useless.,Negative
This headphones is a forgettable model.,Neutral
Best laptop I have ever bought.,Positive
This desk is a bad deal overall.,Negative
The monitor is a bad buy.,Negative
"The webcam is okay, nothing special.",Neutral
This microwave is a middle tier option.,Neutral
"Excellent mouse, fast delivery too.",Positive
I am very impressed by this toaster.,Positive
The drone is a bad buy overall.,Negative
This  lamp  is a forgettable device. Visit http://review.example.com,Neutral
This charger is awful and cheap. Visit https://www.productlink.com/page1,Negative
This keyboard is a forgettable buy.,Neutral
The camera is stylish and functional.,Positive
The keyboard is neither good nor bad.,Neutral
"Excellent phone, fast delivery too.",Positive
The lamp is powerful and compact.,Positive
The microwave is worth every penny.,Positive
This router is a great buy.,Positive
This chair is a modest purchase.,Neutral
The toaster is a bad INVESTMENT. 👎,Negative
This keyboard is just standard.,Neutral
This chair is acceptable for the price.,Neutral
The desk is mediocre at best.,Neutral
The chair is a bad choice overall.,Negative
The earbuds is a forgettable option.,Neutral
I am so glad I bought this vacuum.,Positive
This blender is a bad thing.,Negative
The chair is a great find.,Positive
The keyboard is a so so purchase.,Neutral
"Fantastic earbuds, would buy again.",Positive
This blanket is a lifesaver.,Positive
I am very happy with this watch.,Positive
I am very impressed with this backpack.,Positive
This drone is a piece of junk.,Negative
This blender is a great choice.,Positive
This mouse is a forgettable buy.,Neutral
The watch is a forgettable buy.,Neutral
"Amazing headphones, highly recommend it.",Positive
Great quality headphones for the price.,Positive
The charger is a letdown.,Negative
This toaster changed my daily routine.,Positive
The speaker is a bad buy overall.,Negative
I am really enjoying this router.,Positive
The drone is a forgettable model.,Neutral
"Excellent tablet, fast delivery too.",Positive
This heater is a wonderful gift.,Positive
The lamp exceeded my expectations.,Positive
The drone is a mess.,Negative
This drone is a forgettable deal.,Neutral
The earbuds is a forgettable device.,Neutral
The microphone is a fantastic product overall.,Positive
I am extremely satisfied with this monitor.,Positive
The speaker is a simple device.,Neutral
I cannot stop using this headphones.,Positive
The backpack is durable and well built.,Positive
The printer is a bad option overall.,Negative
This camera is nothing to write home about.,Neutral
The charger is a bad choice.,Negative
This tablet is a bad model overall.,Negative
The desk is a forgettable buy. Visit https://www.productlink.com/page1,Neutral
The printer is a superb choice.,Positive
"Average quality phone, does the job.",Neutral
This printer is absolutely perfect.,Positive
This fan is nothing to write home about.,Neutral
This tablet is a forgettable buy.,Neutral
This watch is a forgettable choice.,Neutral
This  heater  is acceptable for the price.,Neutral
I am very pleased with this pillow.,Positive
The tablet is a delight to use.,Positive
The router is a nightmare to set up.,Negative
This  lamp  is a disaster. Visit www.checkthis.com 🔥,Negative
The toaster is frustrating to use.,Negative
The router is a forgettable option.,Neutral
This laptop is a bad purchase overall.,Negative
THE vacuum is a flop.,Negative
This  monitor  IS a forgettable option.,Neutral
The router is a bad option.,Negative
This vacuum is nothing to write home about.,Neutral
The keyboard is a forgettable device.,Neutral
This keyboard is a huge disappointment.,Negative
This backpack is a forgettable deal.,Neutral
The vacuum is a bad experience.,Negative
<b> This vacuum is a forgettable item. <BR/>,Neutral
The  mouse  is a bad item. Visit http://review.example.com,Negative
This lamp is a disaster.,Negative
The router works fine for basic needs.,Neutral
The earbuds is a bad buy.,Negative
The blender does not work as advertised.,Negative
This pillow is a terrible purchase.,Negative
This camera is a forgettable thing. Visit https://amzn.to/3xyz 💔,Neutral
"Amazing drone, highly recommend it.",Positive
I am very dissatisfied with this mouse.,Negative
The vacuum stopped working immediately.,Negative
This router is a waste of time.,Negative
This headphones is a fair deal.,Neutral
The  microphone  works fine for basic needs. Visit http://review.example.com,Neutral
I am very unhappy with this watch.,Negative
This heater is a bad option.,Negative
This watch is a forgettable buy.,Neutral
The headphones is a letdown.,Negative
"Fantastic laptop, would buy again.",Positive
The air fryer is sleek and modern.,Positive
This vacuum is a bust.,Negative
This lamp is a brilliant design.,Positive
The blanket is a bad model.,Negative
The mouse is a fantastic product overall. 😍 4567,Positive
This monitor is a modest purchase.,Neutral
This desk is a total winner.,Positive
The fan is a bad option overall.,Negative
This desk is absolutely perfect.,Positive
The desk is poorly made.,Negative
"My favorite purchase this year, this microphone.",Positive
The desk is a bad option.,Negative
The laptop is a passable product.,Neutral
The lamp is a mess.,Negative
The lamp is a bad choice.,Negative
I am blown away by this printer.,Positive
<br> This vacuum is a joy to own. Visit www.checkthis.com <br> 2nd,Positive
The printer is an unremarkable printer.,Neutral
The pillow is a passable product.,Neutral
The  chair  is a run of the mill chair.,Neutral
The pillow is neither good nor bad.,Neutral
The camera is adequate for everyday use. 👍,Neutral
The fan is a forgettable model.,Neutral
"Superb blender, I am a happy customer.",Positive
This drone is a brilliant design.,Positive
I am very angry about this desk.,Negative
This heater is just standard.,Neutral
This pillow is a vanilla version.,Neutral
The speaker is a superb choice.,Positive
The heater broke after one week. Visit www.checkthis.com 2nd,Negative
The lamp is mediocre at best.,Neutral
This speaker is a bad product.,Negative
This backpack is a forgettable choice.,Neutral
The earbuds is a delight to use.,Positive
This chair is a waste of time.,Negative
The toaster is a forgettable thing.,Neutral
</i>  This  webcam is a terrible purchase. Visit https://www.productlink.com/page1 <i>,Negative
I am thrilled with this blender.,Positive
The watch is a bad model.,Negative
I cannot stop using this vacuum.,Positive
This  router  is a forgettable buy. 👎,Neutral
This keyboard is fantastic and works perfectly.,Positive
This camera is a typical camera.,Neutral
The blender is reliable and efficient.,Positive
This heater is a lifesaver.,Positive
The  heater  is a reasonable choice. ⭐,Neutral
The watch is fast and responsive.,Positive
This mouse is a bad product overall.,Negative
This camera is a bad model.,Negative
This router is a joy to own.,Positive
The keyboard is a bad purchase.,Negative
The speaker is a nightmare to set up.,Negative
The LAPTOP is a forgettable option.,Neutral
This earbuds is a forgettable buy.,Neutral
This speaker is a forgettable buy.,Neutral
I am very frustrated with this drone.,Negative
The charger is a forgettable option.,Neutral
I am loving this desk so much.,Positive
The drone is a so so purchase.,Neutral
The webcam is passable but unremarkable.,Neutral
This lamp is a brilliant design. 👍,Positive
This printer is average in every way.,Neutral
The phone is a bad item.,Negative
This microphone is a serviceable option.,Neutral
The tablet is a forgettable deal.,Neutral
This laptop IS a wonderful gift. 3x,Positive
"Fantastic heater, would buy again.",Positive
I am so glad I bought this router.,Positive
The printer is a passable product.,Neutral
The earbuds is a nightmare to set up.,Negative
The keyboard is a passable product.,Neutral
This headphones is a middle tier option.,Neutral
The monitor is a bad device overall.,Negative
The vacuum is a solid purchase.,Positive
</b> The blender is a FORGETTABLE item. <br/> 50%,Neutral
This blanket is a forgettable device.,Neutral
This earbuds is a bad product.,Negative
<i> Really happy with this router. <br> Visit https://amzn.to/3xyz,Positive
The camera is a top quality item.,Positive
The laptop is a forgettable buy.,Neutral
I am very annoyed with this router.,Negative
This heater is A terrible purchase. 🔥 4567,Negative
The printer is a pleasure to work with.,Positive
I hate this toaster.,Negative
This laptop is a huge disappointment.,Negative
The microphone is overpriced and useless.,Negative
The router is a superb choice.,Positive
Brilliant laptop with great features.,Positive
The monitor is adequate for everyday use.,Neutral
This microwave is a game changer.,Positive
I  am  in love with this PHONE. Visit https://www.productlink.com/page1,Positive
This watch is fantastic and works perfectly.,Positive
I am very impressed by this camera.,Positive
This charger is just standard.,Neutral
The mouse is a superb choice. Visit https://www.productlink.com/page1 👎,Positive
This speaker makes life so much easier.,Positive
The microphone is sleek and modern.,Positive
This keyboard is absolutely perfect.,Positive
The vacuum is a forgettable choice.,Neutral
This headphones is a forgettable item.,Neutral
I am thrilled with this pillow.,Positive
This mouse IS a game changer.,Positive
"This  heater  is a scam, do not buy. 2nd 😍",Negative
The tablet is a bad investment.,Negative
"Outstanding earbuds, top notch quality.",Positive
The microwave is a bad buy overall.,Negative
This  laptop  is a joy to own.,Positive
The desk is a competent but basic item.,Neutral
The router is a forgettable thing.,Neutral
The keyboard is a fantastic deal.,Positive
This mouse is a forgettable purchase.,Neutral
I am very impressed with this webcam.,Positive
The microwave is a tolerable purchase.,Neutral
This toaster is a dud.,Negative
The laptop is a wonderful experience.,Positive
<p> The  monitor  is a competent but basic item. </i> Visit https://www.productlink.com/page1,Neutral
The keyboard is a forgettable option.,Neutral
The lamp is a forgettable deal.,Neutral
The microwave is a tolerable purchase. 🔥,Neutral
The speaker is a fantastic deal.,Positive
The phone is a bad choice overall.,Negative
I am in love with this earbuds.,Positive
I am very happy with this vacuum.,Positive
The printer is a tolerable purchase.,Neutral
The microphone is a bad thing overall.,Negative
<p> This watch is a forgettable model. <br/> 4567,Neutral
"Fantastic monitor, would buy again.",Positive
This watch is simply the best.,Positive
The microphone is poorly made.,Negative
This desk is a bad product.,Negative
This watch is a huge disappointment.,Negative
The headphones is a solid purchase.,Positive
The chair is a forgettable option.,Neutral
This heater is a forgettable option.,Neutral
"I adore this fan, it is beautiful.",Positive
This air fryer is a forgettable thing.,Neutral
This toaster is a great addition to my home.,Positive
The router exceeded my expectations.,Positive
"Superb printer, I am a happy customer.",Positive
This phone is a bad option.,Negative
The drone is a forgettable option.,Neutral
The microphone is a nightmare to set up.,Negative
This  monitor  is a joy to OWN. 2nd,Positive
I am very impressed by this speaker.,Positive
"Outstanding camera, top notch quality.",Positive
The drone is fine but could be better.,Neutral
The router is a forgettable item. Visit https://www.productlink.com/page1 50%,Neutral
This backpack is a middle of the road option.,Neutral
<b> The printer is a simple device. 😍 </b> Visit https://abc.com,Neutral
The toaster is a wonderful experience.,Positive
"This fan is a scam, do not buy.",Negative
This mouse is a forgettable option.,Neutral
This webcam is awful and cheap. Visit https://amzn.to/3xyz 🙄,Negative
This router is a great choice.,Positive
The chair is a forgettable item.,Neutral
This earbuds is a great investment.,Positive
The printer is mediocre at best.,Neutral
This pillow is average in every way.,Neutral
The watch is a forgettable option.,Neutral
The microphone is a bad experience.,Negative
The vacuum is a bad investment.,Negative
This laptop is a wonderful gift.,Positive
<br>  THIS  chair is a waste of time. <br/>,Negative
This  charger  is a terrible purchase. Visit https://www.productlink.com/page1 123,Negative
This headphones is a middle of the road option.,Neutral
This heater is neither impressive nor terrible.,Neutral
The  tablet  is a bad deal. 4567 Visit www.checkthis.com,Negative
I am very dissatisfied with this webcam.,Negative
THIS air fryer is a forgettable purchase. 😐 123,Neutral
The earbuds is a forgettable option.,Neutral
This keyboard is a bad deal.,Negative
The microphone is a bad choice overall.,Negative
The camera is a forgettable purchase.,Neutral
This air fryer is a waste of time.,Negative
The keyboard is a forgettable model.,Neutral
The laptop is a bad choice overall. ⭐,Negative
This heater is a waste of time.,Negative
"Average quality monitor, does the job.",Neutral
This microwave is a total winner.,Positive
This watch is a brilliant design.,Positive
"Average quality lamp, does the job.",Neutral
This speaker is a vanilla VERSION. Visit https://amzn.to/3xyz 123,Neutral
This charger is a forgettable device.,Neutral
This mouse is a bad deal.,Negative
This charger is a forgettable experience.,Neutral
The webcam is a passable product.,Neutral
I hate this monitor.,Negative
"This router is a scam, do not buy.",Negative
The heater is functional but plain.,Neutral
This pillow is a forgettable thing.,Neutral
The webcam is a forgettable buy.,Neutral
The speaker is a basic model.,Neutral
The webcam is fine but could be better.,Neutral
This lamp is a modest purchase.,Neutral
The camera is sleek and modern.,Positive
The drone is poorly made.,Negative
The headphones is an unremarkable headphones.,Neutral
I am thrilled with this fan.,Positive
This chair is a forgettable option.,Neutral
</p> This drone is a forgettable device. </b> 🔥 3x,Neutral
"Outstanding watch, top notch quality.",Positive
This  air  fryer is a brilliant design. 😍 Visit www.checkthis.com,Positive
I am really enjoying this headphones.,Positive
The air fryer is neither good nor bad.,Neutral
<b> This microphone is a forgettable item. 4567 😐 <b>,Neutral
The watch is a letdown.,Negative
It  is  an ordinary monitor. Visit https://www.productlink.com/page1,Neutral
The drone is a bad investment.,Negative
The drone is a forgettable model.,Neutral
The headphones is a solid purchase.,Positive
I am thrilled with this camera.,Positive
"The lamp is okay, nothing special. 3x",Neutral
This tablet is a game changer.,Positive
This fan is a bad deal.,Negative
This speaker is a forgettable thing.,Neutral
"This blender is a scam, do not buy.",Negative
This watch is a piece of junk.,Negative
"</b> Terrible blanket, total waste of money. <i> 🔥",Negative
The vacuum is powerful and compact.,Positive
This printer is average in every way. 👎 Visit https://amzn.to/3xyz,Neutral
The camera is a reasonable choice.,Neutral
The mouse does not work as advertised.,Negative
I am very impressed by this speaker. 4567,Positive
This vacuum is a wonderful gift.,Positive
This headphones is average in every way.,Neutral
This watch is absolutely perfect.,Positive
This keyboard is a great choice.,Positive
This backpack is a game changer.,Positive
Brilliant webcam with great features.,Positive
The heater is a bad investment.,Negative
The vacuum is a flop.,Negative
This speaker is a terrible purchase.,Negative
This charger is simply the best.,Positive
The desk is stylish and functional.,Positive
The camera is fast and responsive.,Positive
I am very unhappy with this heater.,Negative
The backpack is frustrating to use.,Negative
The watch stopped working immediately.,Negative
It is an ordinary pillow.,Neutral
The webcam is a forgettable deal.,Neutral
"Excellent webcam, fast delivery too.",Positive
This headphones is just standard.,Neutral
The lamp is a flop.,Negative
This phone is average in every way.,Neutral
I am very dissatisfied with this charger.,Negative
The lamp is a forgettable model.,Neutral
The camera is a top quality item.,Positive
I am loving this pillow so much.,Positive
The webcam is a fantastic investment.,Positive
This printer is a bad device.,Negative
This fan is a bad purchase overall. v2.0,Negative
The heater is a fantastic investment.,Positive
The mouse is a tolerable purchase.,Neutral
The router is a mess.,Negative
The earbuds is a bad thing overall.,Negative
The router is a fantastic deal.,Positive
<b>  This  pillow is a forgettable device. <p> Visit www.checkthis.com,Neutral
This fan is a real bargain.,Positive
The microwave is sleek and modern.,Positive
The air fryer is a bad option.,Negative
<br/>  This  heater is a must have. <br>,Positive
This webcam is a complete failure.,Negative
This webcam is a great investment.,Positive
This vacuum is a forgettable choice.,Neutral
The  pillow  is a forgettable MODEL. 👎,Neutral
The laptop is a passable product.,Neutral
This backpack is a forgettable buy.,Neutral
I hate this microwave.,Negative
The blanket is overpriced and useless. ⭐ 4567,Negative
<i> I am very disappointed by THIS fan. <br/> 4567,Negative
I am very impressed with this heater.,Positive
"Average quality microwave, does the job.",Neutral
The microphone is a bad device.,Negative
The fan is powerful and compact.,Positive
The tablet is frustrating to use.,Negative
The printer stopped working immediately.,Negative
The  printer  is a delight to use.,Positive
Great quality chair for the price. 💔 100% Visit https://amzn.to/3xyz,Positive
Worst heater I have ever purchased.,Negative
I am very happy with this mouse.,Positive
I am very dissatisfied with this vacuum.,Negative
This desk is a brilliant design.,Positive
This headphones is a middle of the road option.,Neutral
The printer is a bad choice overall.,Negative
The earbuds is a bad buy overall.,Negative
This chair is a forgettable item.,Neutral
I regret buying this mouse.,Negative
I am very dissatisfied with this fan.,Negative
This webcam is a forgettable option.,Neutral
The  monitor  is a reasonable choice.,Neutral
<br/> Great quality tablet for the price. <i> Visit https://amzn.to/3xyz 🔥,Positive
This blender is a bad device.,Negative
I cannot stop using this air fryer.,Positive
This chair is fantastic and works perfectly.,Positive
</b> The camera is a forgettable model. ⭐ Visit https://www.productlink.com/page1 <br/>,Neutral
This  drone  is a great value for money.,Positive
This air fryer is a middle tier option.,Neutral
The headphones is comfortable and lightweight.,Positive
The microphone is mediocre at best.,Neutral
The charger is adequate for everyday use.,Neutral
This charger is a game changer.,Positive
The pillow is a nightmare to set up.,Negative
I am very annoyed with this charger.,Negative
This blender is a bad deal. 👍,Negative
</p> The AIR fryer is powerful and compact. </p>,Positive
The pillow is a forgettable option.,Neutral
Best headphones I have ever bought.,Positive
This FAN is a forgettable device.,Neutral
The printer is a nightmare to set up.,Negative
I  AM  so glad I bought this pillow.,Positive
Very disappointed with this tablet.,Negative
The phone is a forgettable thing.,Neutral
This router is a piece of junk.,Negative
<br/> The headphones is a forgettable deal. <br>,Neutral
This air fryer is acceptable for the price. 3x Visit https://www.productlink.com/page1,Neutral
The mouse is a forgettable item.,Neutral
This phone is a great choice.,Positive
The backpack is a passable product.,Neutral
I regret buying this toaster.,Negative
The tablet is a tolerable purchase.,Neutral
It is an ordinary headphones.,Neutral
The router is a tolerable purchase.,Neutral
The charger is a wonderful experience.,Positive
The router is a fantastic deal.,Positive
This fan is a forgettable experience.,Neutral
This air fryer is a middle tier option.,Neutral
This heater is a forgettable choice.,Neutral
The keyboard exceeded my expectations.,Positive
This lamp is neither impressive nor terrible.,Neutral
The drone is a FORGETTABLE option.,Neutral
I  am  very frustrated with this laptop. 3x,Negative
I am very frustrated by this tablet.,Negative
The heater does not work as advertised.,Negative
The speaker is a bad choice overall.,Negative
This earbuds is a bad option.,Negative
This desk is a joy to own.,Positive
This speaker is a forgettable purchase. 👎,Neutral
This watch is a middle tier option.,Neutral
The camera is a competent but basic item.,Neutral
</b> This blanket is average in every way. <i>,Neutral
This mouse is a bad item.,Negative
The printer is a forgettable model.,Neutral
The drone is a bad item.,Negative
This drone is a joy to own. Visit http://review.example.com,Positive
This pillow is a bad device.,Negative
The mouse is a forgettable deal.,Neutral
The laptop is a fantastic product overall.,Positive
The keyboard is a forgettable option. 👍 Visit https://amzn.to/3xyz,Neutral
The chair is a bad option.,Negative
</b>  The  backpack is neither good nor bad. <br/>,Neutral
The tablet is a forgettable thing.,Neutral
"Amazing mouse, highly recommend it.",Positive
This microphone changed my daily routine.,Positive
This vacuum is simply the best.,Positive
I am very frustrated with this router.,Negative
This pillow is a bad model.,Negative
So pleased with this printer.,Positive
The headphones is a passable product.,Neutral
I am very angry about this air fryer.,Negative
This laptop is fantastic and works perfectly.,Positive
Really happy with this microwave.,Positive
The chair is a bad device.,Negative
The camera does not work as advertised.,Negative
The headphones is a bad thing overall.,Negative
This webcam is a great investment.,Positive
The earbuds is durable and well built.,Positive
The desk exceeded my expectations.,Positive
<i> The vacuum is a forgettable item. Visit https://abc.com 50% </p>,Neutral
The blender is a fantastic investment.,Positive
This microwave is nothing to write home about. 👎,Neutral
This heater is a bad experience overall.,Negative
This backpack is a forgettable model.,Neutral
This pillow is a great buy.,Positive
This desk IS a bad purchase overall.,Negative
The keyboard is a great find.,Positive
This router is a bad deal.,Negative
This watch is a forgettable experience.,Neutral
</p> The tablet is a top quality item. Visit http://review.example.com <br/>,Positive
This keyboard is a great buy.,Positive
This desk is a great addition to my home.,Positive
This backpack is a forgettable model.,Neutral
I am extremely satisfied with this monitor.,Positive
The earbuds is a forgettable option.,Neutral
This printer is a forgettable device.,Neutral
The speaker is a bad device overall. 😐 100% Visit www.checkthis.com,Negative
This blanket is a great addition to my home.,Positive
The blanket is a letdown.,Negative
"I adore this blanket, it is beautiful.",Positive
Very disappointed with this backpack. Visit http://review.example.com,Negative
<br> The chair is a bad thing overall. Visit https://amzn.to/3xyz <br>,Negative
I am loving this earbuds so much.,Positive
I am very frustrated by this chair.,Negative
I regret buying this microwave.,Negative
The router is a run of the mill router.,Neutral
The earbuds is a bad model.,Negative
This charger is a middle of the road option.,Neutral
This mouse is a total winner.,Positive
I  am  very frustrated with this speaker. 4567 Visit www.checkthis.com,Negative
The earbuds is a wonderful experience.,Positive
I am very frustrated by this drone.,Negative
This watch is a brilliant design.,Positive
This watch is neither impressive nor terrible.,Neutral
This webcam is a plain webcam.,Neutral
The air fryer is a forgettable item.,Neutral
The earbuds stopped working immediately.,Negative
I am very dissatisfied by this blender.,Negative
The laptop is a letdown.,Negative
The toaster is stylish and functional.,Positive
This fan is a game changer.,Positive
</b> This router is a forgettable choice. 2nd <i> 😊,Neutral
The heater is fast and responsive.,Positive
The mouse is a bad item.,Negative
This air fryer is a forgettable deal.,Neutral
This webcam is a bad device.,Negative
<p>  I  am very annoyed with this vacuum. Visit https://www.productlink.com/page1 <br>,Negative
"Average quality earbuds, does the job.",Neutral
The heater broke after one week.,Negative
The microphone does not work as advertised.,Negative
This blender is acceptable for the price.,Neutral
This tablet is a joy to own.,Positive
The printer is a forgettable thing.,Neutral
I am very disappointed by this monitor.,Negative
The blanket is a forgettable choice.,Neutral
The microphone is a bad option.,Negative
The air fryer is A forgettable item. 3x,Neutral
This blanket is a complete failure.,Negative
The microwave is a forgettable thing.,Neutral
"<br/> Fantastic fan, would BUY again. </i>",Positive
The earbuds is a bad buy.,Negative
THE  tablet  is a fantastic investment. 🙄,Positive
The monitor is a great find.,Positive
The charger is a fantastic investment.,Positive
This webcam is nothing to write home about.,Neutral
This blanket is a game changer.,Positive
<br> Brilliant  toaster  with great features. Visit www.checkthis.com </b>,Positive
This fan is a poor choice. 100% 🔥,Negative
The air fryer is sleek and modern.,Positive
This  charger  is a disaster. Visit https://www.productlink.com/page1 😐,Negative
This desk is a common model.,Neutral
The speaker is a forgettable deal.,Neutral
This air fryer is a forgettable device.,Neutral
I am very angry about this speaker.,Negative
The chair is a forgettable item.,Neutral
This router is a plain router.,Neutral
"The phone is superb, five stars!",Positive
This fan is a forgettable buy.,Neutral
This air fryer is a great addition to my home.,Positive
This monitor is a bad deal.,Negative
This watch is a forgettable device.,Neutral
The toaster is a bad investment.,Negative
The tablet is fast and responsive.,Positive
</i> The headphones is a bad device overall. <p> 4567 😐,Negative
This camera is a forgettable model.,Neutral
This laptop is absolutely perfect.,Positive
"Excellent mouse, fast delivery too.",Positive
Great quality chair for the price.,Positive
I regret buying this laptop.,Negative
This headphones is a game changer.,Positive
"Superb webcam, I am a happy customer.",Positive
This keyboard is a great choice.,Positive
The headphones is an unremarkable headphones.,Neutral
"The mouse is okay, nothing special.",Neutral
The webcam is a bad investment.,Negative
"The webcam is okay, nothing special.",Neutral
The lamp is a fantastic deal.,Positive
I hate this desk. Visit HTTPS://ABC.COM,Negative
I am really enjoying this keyboard.,Positive
"Superb charger, I am a happy customer.",Positive
The tablet is mediocre at best.,Neutral
This earbuds is a bad purchase overall.,Negative
This tablet is a forgettable device.,Neutral
The blanket is comfortable and lightweight.,Positive
The chair is a forgettable thing.,Neutral
The chair is fast and responsive.,Positive
I am very frustrated with this DESK.,Negative
"Average quality keyboard, does the job. 4567 😊",Neutral
This lamp is a forgettable model.,Neutral
The monitor is stylish and functional.,Positive
The headphones is a flop.,Negative
This keyboard is a great choice.,Positive
Brilliant  mouse  with great features.,Positive
"Terrible printer, total waste of money.",Negative
I am really enjoying this headphones.,Positive
I am very frustrated with this tablet.,Negative
The mouse is a wonderful experience.,Positive
This webcam is a DISASTER. 100%,Negative
The heater is a forgettable item.,Neutral
This drone is a dud.,Negative
This mouse is a complete failure.,Negative
I am blown away by this headphones.,Positive
This watch is a bad model overall.,Negative
This router is a forgettable thing. 😡,Neutral
This desk is a vanilla version.,Neutral
The phone is a forgettable buy.,Neutral
This webcam is a forgettable purchase. Visit http://review.example.com 3x 😊,Neutral
I am very impressed by this air fryer.,Positive
This headphones is a complete failure.,Negative
Best blender I have ever bought.,Positive
I regret buying this backpack.,Negative
So pleased with this headphones.,Positive
The monitor is a forgettable purchase.,Neutral
This backpack is a total winner.,Positive
The camera is a FORGETTABLE deal. 🙄,Neutral
Worst laptop I have ever purchased.,Negative
This chair is a forgettable experience.,Neutral
This heater is a must have.,Positive
This blanket is a forgettable buy.,Neutral
This earbuds is a forgettable model.,Neutral
I am very upset with this lamp.,Negative
This webcam changed my daily routine.,Positive
The fan exceeded my expectations.,Positive
This webcam is simply the best.,Positive
This headphones is a bad buy.,Negative
The vacuum is a bad purchase.,Negative
It is an ordinary drone.,Neutral
This webcam is a terrible purchase.,Negative
This microphone is a forgettable option.,Neutral
The fan is a so so purchase.,Neutral
I regret buying this camera.,Negative
This watch is a great value for money.,Positive
"This mouse is a scam, do not buy.",Negative
The laptop is a bad model.,Negative
"I adore this fan, it is beautiful.",Positive
This air fryer is a typical air fryer.,Neutral
This charger is simply the best.,Positive
This mouse is incredible value.,Positive
This toaster is simply the best.,Positive
THE fan is fine but could be better.,Neutral
The backpack broke after one week.,Negative
The mouse is a flop. 4567,Negative
The fan does not work as advertised. Visit https://amzn.to/3xyz 😡,Negative
The microphone is a reasonable choice.,Neutral
The chair is a bad choice overall.,Negative
"Outstanding earbuds, top notch quality.",Positive
The toaster is a bad model.,Negative
The webcam is a forgettable thing.,Neutral
This heater is a bad model overall. 123,Negative
</p> I am extremely satisfied with this toaster. <br> Visit https://www.productlink.com/page1,Positive
This webcam is a game changer.,Positive
"The laptop is okay, nothing special.",Neutral
The blanket is a fantastic investment.,Positive
The camera is powerful and compact.,Positive
This drone is a forgettable choice.,Neutral
The keyboard is a bad option.,Negative
This headphones is a bad item overall.,Negative
<br/> It is an ordinary headphones. </p>,Neutral
The vacuum is neither good nor bad.,Neutral
The desk is a fantastic product overall.,Positive
This laptop is a forgettable purchase. 👍 v2.0,Neutral
This microwave is a bad deal. 👎,Negative
This printer is a bad buy. Visit https://abc.com 3x,Negative
The watch is a bad buy overall.,Negative
This watch is a great investment.,Positive
The speaker is fast and responsive.,Positive
I am so glad I bought this phone.,Positive
The  keyboard  is a bad choice overall. 4567 😡,Negative
This toaster is a bad buy.,Negative
The phone is fine but could be better.,Neutral
This headphones is a wonderful gift.,Positive
The backpack is a bad choice.,Negative
This vacuum is a BAD item. Visit http://review.example.com 😐,Negative
</i> The monitor is worth every penny. Visit https://www.productlink.com/page1 </p> 4567,Positive
"</i> I adore this monitor, it is beautiful. <p>",Positive
"This router is a scam, do not buy.",Negative
This speaker makes life so much easier.,Positive
This desk IS a forgettable experience. Visit https://abc.com,Neutral
This camera is a bad purchase overall.,Negative
This watch is just okay.,Neutral
This camera is a dud.,Negative
Worst fan I have ever purchased.,Negative
This blanket is wonderful and easy to use.,Positive
"</b> Amazing chair, highly recommend it. <i>",Positive
<br>  The  heater is a bad choice overall. <p> 4567,Negative
The headphones is a solid purchase.,Positive
This desk is a bad product overall.,Negative
This microwave is a poor choice.,Negative
This lamp is a bad deal overall.,Negative
The heater exceeded my expectations.,Positive
This chair is average in every way.,Neutral
I am very annoyed with this blanket.,Negative
The phone is a reasonable choice.,Neutral
This laptop is a bad item.,Negative
This printer is a huge disappointment.,Negative
The  watch  is a forgettable deal. Visit https://www.productlink.com/page1 50%,Neutral
The pillow is a bad option overall.,Negative
The tablet is a wonderful experience.,Positive
The fan is a top quality item.,Positive
The desk is a forgettable choice.,Neutral
"The  pillow  is superb, five stars! 👎 Visit https://amzn.to/3xyz",Positive
I am very disappointed by this watch.,Negative
The blender is a bad buy.,Negative
The fan is comfortable and lightweight.,Positive
The charger is worth every penny.,Positive
The backpack is a basic model.,Neutral
This keyboard is just okay.,Neutral
"The pillow is okay, nothing special.",Neutral
This  laptop  is acceptable for the price. Visit http://review.example.com,Neutral
The blender is a fantastic product overall.,Positive
<br> The blender is stylish and FUNCTIONAL. <br> 100%,Positive
I am very angry about this speaker.,Negative
The router is a fantastic investment.,Positive
The drone is a bad buy overall.,Negative
This headphones is a huge disappointment. 4567 Visit https://abc.com,Negative
The earbuds exceeded my expectations.,Positive
I am in love with this laptop.,Positive
</b>  Worst  headphones I have ever purchased. <p>,Negative
This pillow is decent but not great.,Neutral
The watch is a forgettable option.,Neutral
The blender is a forgettable option.,Neutral
The air fryer is a delight to use.,Positive
This camera is fantastic and works perfectly.,Positive
The drone is a superb choice. Visit https://www.productlink.com/page1 2nd,Positive
This monitor is a common model.,Neutral
This keyboard is a forgettable item.,Neutral
The vacuum is mediocre at best.,Neutral
The charger is a wonderful experience.,Positive
This vacuum is a forgettable purchase.,Neutral
The router is a bad device overall.,Negative
"My favorite purchase this YEAR, this keyboard. Visit www.checkthis.com ⭐",Positive
This blender changed my daily routine.,Positive
This microphone is a lifesaver.,Positive
The speaker is frustrating to use.,Negative
The heater is a forgettable item.,Neutral
This pillow is just standard.,Neutral
This speaker is awful and cheap.,Negative
The backpack is a wonderful experience.,Positive
This fan is a lifesaver.,Positive
I am extremely satisfied with this chair. Visit www.checkthis.com,Positive
The drone is a bad model.,Negative
The toaster is a basic model.,Neutral
The toaster is a competent but basic item.,Neutral
This laptop is a great investment.,Positive
I am very annoyed with this heater.,Negative
The desk is a bad deal.,Negative
I hate this camera.,Negative
The air fryer is a forgettable model.,Neutral
"Outstanding air fryer, top notch quality.",Positive
I am very unhappy with this pillow.,Negative
It is an ordinary webcam.,Neutral
This heater is a dud.,Negative
The desk is a bad choice.,Negative
This heater is a bad device.,Negative
The tablet is a pleasure to work with.,Positive
The router is a great find.,Positive
This mouse is a must have.,Positive
This phone is a great choice.,Positive
"Average quality camera, does the job.",Neutral
This earbuds is a bad model.,Negative
I am really enjoying this camera.,Positive
The lamp is a forgettable thing.,Neutral
This watch is awful and cheap.,Negative
The lamp is a forgettable option.,Neutral
This lamp is a joy to own.,Positive
This toaster is a lifesaver.,Positive
The microphone works fine for basic needs. v2.0,Neutral
The router stopped working immediately.,Negative
<i> The tablet is a forgettable item. <br>,Neutral
The blanket is a forgettable device.,Neutral
This microphone is a great value for money.,Positive
I am very annoyed with this microwave.,Negative
This microwave is a modest purchase.,Neutral
The mouse is fast and responsive.,Positive
The backpack is a nightmare to set up.,Negative
The desk does not work as advertised.,Negative
The tablet is frustrating to use.,Negative
The tablet is a bad choice overall.,Negative
This backpack is a plain backpack.,Neutral
This laptop is a bad device.,Negative
Worst camera I have ever purchased.,Negative
The charger is a bad device overall.,Negative
This earbuds is a bad product.,Negative
This fan is neither impressive nor terrible.,Neutral
This toaster is nothing to write home about.,Neutral
This printer is a forgettable model.,Neutral
"Outstanding air fryer, top notch quality.",Positive
This monitor is a forgettable item.,Neutral
The  BACKPACK  is a pleasure to work with.,Positive
I am very upset with this charger.,Negative
This watch is a bad item overall.,Negative
The printer is a mess.,Negative
The monitor is a fantastic investment.,Positive
The backpack is a bad device overall.,Negative
This laptop is a serviceable option.,Neutral
I am very frustrated with this blanket.,Negative
The watch is a forgettable choice. 3x 😊 Visit https://abc.com,Neutral
This chair is a bad purchase overall.,Negative
The chair works fine for basic needs.,Neutral
I hate this fan.,Negative
This watch is a modest purchase.,Neutral
The laptop is a forgettable thing.,Neutral
This air fryer is a bad buy.,Negative
The TABLET is a bad choice. 3x,Negative
Great quality mouse for the price.,Positive
The lamp is powerful and compact.,Positive
I am very impressed by this tablet.,Positive
I am very dissatisfied with this earbuds.,Negative
The keyboard is fine but could be better.,Neutral
"Terrible fan, total waste of money.",Negative
This vacuum is a bad deal overall.,Negative
This air fryer is a disaster.,Negative
This vacuum is a lifesaver.,Positive
</p> THIS router is a forgettable choice. <p> 😊,Neutral
This keyboard is a middle of the road option.,Neutral
The chair broke after one week.,Negative
The earbuds is a fantastic product overall.,Positive
This heater is a great buy.,Positive
This headphones is wonderful and easy to use.,Positive
The printer is a bad purchase.,Negative
The phone is a nightmare to set up. 😍,Negative
This speaker is a bad experience overall. 😊 Visit www.checkthis.com,Negative
The tablet is a fantastic deal.,Positive
"Excellent laptop, fast delivery too.",Positive
This desk is a plain desk.,Neutral
So pleased with this backpack.,Positive
This drone is a forgettable choice.,Neutral
This desk is a forgettable buy.,Neutral
This  phone  is absolutely perfect. 4567 Visit https://abc.com,Positive
This desk is average in every way.,Neutral
This monitor is a great investment.,Positive
The watch is a bad buy overall.,Negative
This watch is a bad deal.,Negative
"Terrible phone, total waste of money.",Negative
THE router is a bad option overall. 3x ⭐,Negative
This air fryer is a vanilla version.,Neutral
The printer is sleek and modern.,Positive
This tablet is a middle tier option.,Neutral
This camera is a forgettable purchase.,Neutral
This tablet is a joy to own.,Positive
"Fantastic phone, would buy again.",Positive
The monitor broke after one week.,Negative
This headphones is a bad experience overall.,Negative
Very disappointed with this chair.,Negative
<I> This chair is a joy to own. </b>,Positive
This phone is a huge disappointment.,Negative
The toaster is a flop.,Negative
The webcam is a bad device overall.,Negative
This charger is a bad device.,Negative
This fan is wonderful and easy to use.,Positive
This webcam is a modest purchase.,Neutral
The speaker is a run of the mill speaker.,Neutral
The  keyboard  is powerful and compact. Visit https://abc.com 50%,Positive
I am very impressed with this drone.,Positive
The desk is a bad option overall.,Negative
The blanket is a forgettable deal.,Neutral
<br> The backpack is a bad buy. <p>,Negative
The camera is a bad device.,Negative
The vacuum is a forgettable option.,Neutral
The camera is a fantastic deal.,Positive
This router is a bad deal overall.,Negative
This charger is a bad deal.,Negative
I am blown away by this router.,Positive
<i> The tablet stopped working immediately. <b>,Negative
The microwave is a run of the mill microwave.,Neutral
The monitor is mediocre at best.,Neutral
This chair is a forgettable choice.,Neutral
I am so glad I bought this keyboard.,Positive
"The microwave is superb, five stars!",Positive
This headphones is a disaster.,Negative
The  charger  is a forgettable model.,Neutral
The fan is fine but could be better.,Neutral
The laptop is a forgettable thing.,Neutral
<i>  This  laptop is simply the best. <br/>,Positive
This monitor is nothing to write home about.,Neutral
I am very frustrated by this drone.,Negative
"My favorite purchase this year, this watch.",Positive
This headphones is neither impressive nor terrible.,Neutral
The charger is a forgettable item.,Neutral
Best blender I have ever bought.,Positive
Brilliant chair with great features.,Positive
This headphones is a great choice. Visit www.checkthis.com,Positive
I am in love with this chair.,Positive
This speaker is a great addition to my home.,Positive
"Excellent earbuds, fast delivery too.",Positive
The camera is a forgettable deal.,Neutral
The watch is frustrating to use.,Negative
This toaster is a complete failure.,Negative
This toaster is a waste of time.,Negative
The air fryer is a mess.,Negative
The heater is neither good nor bad.,Neutral
The speaker is a bad item.,Negative
The  microwave  is a forgettable device.,Neutral
I HATE this fan.,Negative
This  fan  is a MODEST purchase.,Neutral
The pillow is a bad experience.,Negative
The router is a bad choice overall.,Negative
This toaster is a complete failure.,Negative
This desk is a real bargain.,Positive
The tablet is a tolerable purchase.,Neutral
Really happy with this blender.,Positive
<br/> I am very dissatisfied by this headphones. <br/>,Negative
This laptop is a terrible purchase.,Negative
This fan is a forgettable purchase.,Neutral
The blanket is comfortable and lightweight.,Positive
This speaker is a middle of the road option.,Neutral
This router is a dud.,Negative
The chair is a simple device.,Neutral
The vacuum is a bad option.,Negative
This charger is a bad product overall.,Negative
The headphones is a standard offering.,Neutral
I am extremely satisfied with this charger.,Positive
The watch is a forgettable model.,Neutral
This speaker is a poor choice.,Negative
The watch is fine but could be better.,Neutral
I am so glad I bought this laptop.,Positive
The phone is a bad purchase. 3x Visit https://www.productlink.com/page1,Negative
This blender is a total winner.,Positive
This router is a bad item overall.,Negative
The charger does not work as advertised.,Negative
The phone is a bad choice.,Negative
The heater is a competent but basic item.,Neutral
This phone is a brilliant design.,Positive
The keyboard is a bad buy overall.,Negative
This drone is a bad option.,Negative
This backpack is a dud.,Negative
The backpack is a forgettable item.,Neutral
I am very dissatisfied by this watch.,Negative
The camera is passable but unremarkable.,Neutral
The charger is a bad deal.,Negative
</p> THE microwave is reliable and efficient. <b>,Positive
I am very dissatisfied by this blender.,Negative
I am extremely satisfied with this monitor.,Positive
The watch is a forgettable model.,Neutral
"Fantastic laptop, would buy again.",Positive
The heater exceeded my expectations. 😊,Positive
</p> This webcam is a BAD deal overall. <br/>,Negative
This toaster is a bad thing.,Negative
I am thrilled with this vacuum.,Positive
<p> The BLANKET is a superb choice. </b> 🙄,Positive
This desk is a bad deal overall.,Negative
This blanket is a forgettable device.,Neutral
The printer is a bad choice.,Negative
This router is absolutely perfect.,Positive
The speaker is a bad choice.,Negative
This microphone is a common model.,Neutral
</b> This drone is A game changer. <i> Visit https://abc.com,Positive
The air fryer is a forgettable thing.,Neutral
This microphone is a bad option.,Negative
This chair is a great choice.,Positive
This blanket is a piece of junk.,Negative
The speaker is a bad experience.,Negative
This monitor is a real bargain.,Positive
This tablet is a great buy.,Positive
I am very impressed by this chair.,Positive
This vacuum is a great addition to my home.,Positive
So pleased with this desk.,Positive
This earbuds is absolutely perfect.,Positive
I am very impressed with this microwave.,Positive
This microphone is a terrible purchase.,Negative
</i> This blender is a forgettable choice. Visit https://amzn.to/3xyz 2nd <b>,Neutral
This monitor is just standard.,Neutral
The laptop is a basic model.,Neutral
The tablet is adequate for everyday use.,Neutral
This desk is neither impressive nor terrible.,Neutral
"The air fryer is okay, nothing special.",Neutral
I am very happy with this earbuds.,Positive
The microphone is a bad purchase.,Negative
I am very annoyed with this toaster.,Negative
Brilliant keyboard with great features.,Positive
So pleased with this laptop.,Positive
The headphones is reliable and efficient.,Positive
The webcam is a solid purchase.,Positive
This lamp is simply the best.,Positive
This earbuds is a great buy.,Positive
This phone is a forgettable buy. Visit http://review.example.com 100%,Neutral
This earbuds is a real bargain.,Positive
The heater is a standard offering.,Neutral
This keyboard is a bad deal.,Negative
I am very happy with this blender.,Positive
The camera is a solid purchase.,Positive
The  heater  is a so so purchase.,Neutral
This microphone is a great choice.,Positive
I am very dissatisfied by this webcam.,Negative
The laptop is a solid purchase.,Positive
This heater is a middle tier option.,Neutral
Worst  blender  I have ever purchased. 😡 Visit https://abc.com,Negative
I am extremely satisfied with this headphones.,Positive
"Average quality fan, does the job.",Neutral
The lamp is stylish and functional.,Positive
The watch is a mess.,Negative
The fan is a bad experience.,Negative
The backpack does not work as advertised.,Negative
The monitor is a fantastic product overall.,Positive
This chair is a forgettable buy.,Neutral
"</p> Average quality charger, does the job. 4567 <i> Visit www.checkthis.com",Neutral
The charger is a mess.,Negative
This heater is a bad purchase overall.,Negative
I am very angry about this fan.,Negative
This desk is a bad option.,Negative
The printer is a letdown.,Negative
The desk is a fantastic investment.,Positive
"I adore this mouse, it is beautiful.",Positive
I am in love with this microwave.,Positive
The keyboard is a forgettable choice.,Neutral
This air fryer is a forgettable item.,Neutral
The tablet is a superb choice.,Positive
This monitor is a forgettable buy.,Neutral
The backpack is comfortable and lightweight.,Positive
The chair is adequate for everyday use.,Neutral
The webcam is a bad thing overall.,Negative
The air fryer is mediocre at best.,Neutral
The heater IS a mess.,Negative
The router is a competent but basic item.,Neutral
This printer is a bad deal overall.,Negative
The pillow is overpriced and useless. Visit https://amzn.to/3xyz,Negative
The blanket is frustrating to use.,Negative
The blender is a reasonable choice.,Neutral
This microphone is a disaster.,Negative
This tablet is a forgettable choice.,Neutral
This lamp is just okay.,Neutral
This heater is a bad model overall.,Negative
"The backpack is superb, five stars!",Positive
The desk is a basic model.,Neutral
The speaker is frustrating to use.,Negative
This phone is a disaster.,Negative
</b> The backpack is a bad buy overall. <br> v2.0,Negative
The heater is a bad device.,Negative
This webcam is a total winner.,Positive
This toaster is a forgettable item.,Neutral
The laptop is a competent but basic item.,Neutral
This phone is wonderful and easy to use.,Positive
This speaker is awful AND cheap. 😡 50%,Negative
The speaker is adequate for everyday use.,Neutral
I am very unhappy with this camera.,Negative
This camera is a fair deal.,Neutral
The phone is a wonderful experience.,Positive
The keyboard is a bad choice overall.,Negative
The blanket is powerful and compact.,Positive
This router is nothing to write home about.,Neutral
This charger is a bad option.,Negative
The chair is a bad choice overall.,Negative
The charger is a forgettable deal.,Neutral
This webcam is a forgettable model.,Neutral
This printer is a plain printer.,Neutral
<p> This desk is wonderful and easy to use. <p>,Positive
This chair is a fair deal.,Neutral
This lamp is acceptable for the price.,Neutral
"Outstanding charger, top notch quality.",Positive
"Outstanding blanket, top notch quality.",Positive
This lamp is a forgettable purchase.,Neutral
The chair is a bad thing overall.,Negative
This phone is a forgettable device.,Neutral
The blanket is a superb choice.,Positive
This  vacuum  is a bad purchase. 2nd Visit www.checkthis.com,Negative
The air fryer is a forgettable model.,Neutral
This heater is a great choice.,Positive
The backpack is a bad buy.,Negative
The watch is a bad model.,Negative
<i> This microphone is a total winner. </p> 100%,Positive
The charger stopped working immediately.,Negative
This BLANKET is a forgettable item.,Neutral
The fan is reliable and efficient.,Positive
This webcam is A forgettable experience. Visit https://amzn.to/3xyz 2nd,Neutral
THIS camera is a serviceable option. 2nd 😊,Neutral
The earbuds is a forgettable item.,Neutral
This phone is a terrible purchase.,Negative
This heater is a plain heater.,Neutral
I love this pillow!,Positive
I am very impressed by this air fryer.,Positive
The drone is a passable product.,Neutral
The charger is a forgettable option.,Neutral
This charger is a total winner. 👍 2nd,Positive
